Date,Description,Category,Cost,Currency,Louise Billingham,Ben Selby

2018-11-08,Mortgage fee,Mortgage,1495.00,GBP,-747.50,747.50
2018-11-08,Mortgage survey,Mortgage,200.00,GBP,100.00,-100.00
2018-11-08,Solicitor fee,General,350.00,GBP,175.00,-175.00
2018-11-08,Moving boxes,General,55.00,GBP,27.50,-27.50
2018-11-17,Vacuum bags,Household supplies,19.00,GBP,-9.50,9.50
2018-11-18,Moving boxes,General,39.99,GBP,19.99,-19.99
2018-12-06,Accommodation 10-14th Dec,Rent,582.00,GBP,-291.00,291.00
2018-12-06,Rent,Rent,200.00,GBP,200.00,-200.00
2018-12-06,Boxes,Furniture,42.85,GBP,21.43,-21.43
2018-12-06,Shurgard Storage,Furniture,36.97,GBP,18.49,-18.49
2018-12-10,Van Removal,Furniture,323.00,GBP,161.50,-161.50
2018-12-11,Aprtment 17-21 Dec,Rent,472.00,GBP,-236.00,236.00
2018-12-11,Travelodge 16th December,Hotel,49.00,GBP,24.50,-24.50
2018-12-23,Apartment 1st-4th Jan,Rent,276.00,GBP,-138.00,138.00
2018-12-23,Premier Inn 31st Dec,Hotel,158.00,GBP,-79.00,79.00
2018-12-23,Louise B. paid Ben S.,Payment,500.00,GBP,500.00,-500.00
2019-01-01,Accommodation 6thJan-11thJan,Rent,351.00,GBP,-175.50,175.50
2019-01-09,Apartment 14th- 18th Jan,Rent,405.00,GBP,202.50,-202.50
2019-01-09,Travelodge ,Hotel,27.00,GBP,-13.50,13.50
2019-01-09,Shurgard Storage,Home - Other,94.77,GBP,47.38,-47.38
2019-01-18,Carpet deposit,General,1097.00,GBP,548.50,-548.50
2019-01-26,TV licence ,TV/Phone/Internet,150.50,GBP,75.25,-75.25
2019-01-26,Kitchenware,General,112.00,GBP,56.00,-56.00
2019-01-26,Bath Mats,Household supplies,37.50,GBP,-18.75,18.75
2019-02-01,Carpet Completion,Furniture,1257.80,GBP,-628.90,628.90
2019-02-02,Mortgage,Rent,1432.12,GBP,-716.06,716.06
2019-02-04,Painting,General,650.00,GBP,325.00,-325.00
2019-02-04,Louise B. paid Ben S.,Payment,550.67,GBP,550.67,-550.67
2019-02-18,Sofabed ,General,938.00,GBP,-469.00,469.00
2019-02-18,Sofa,General,1099.00,GBP,-549.50,549.50
2019-02-18,Shelving,General,245.00,GBP,-122.50,122.50
2019-02-18,Painting and Decorating from B&Q,General,86.00,GBP,-43.00,43.00
2019-02-18,B&Q decorating ,General,39.00,GBP,19.50,-19.50
2019-02-21,Electricity,Electricity,50.00,GBP,25.00,-25.00
2019-02-21,Louise B. paid Ben S.,Payment,1139.50,GBP,1139.50,-1139.50
2019-02-22,Chair,General,199.00,GBP,99.50,-99.50
2019-02-26,Sideboard,General,988.00,GBP,-494.00,494.00
2019-03-03,Big manatee holiday deposit,General,1286.00,GBP,643.00,-643.00
2019-03-04,New york hotel,Hotel,650.00,GBP,-325.00,325.00
2019-03-04,BA upgrade Louise,General,88.00,GBP,88.00,-88.00
2019-03-04,Laundry bin,Services,40.00,GBP,-20.00,20.00
2019-03-04,Manatee holiday flights,Plane,2306.00,GBP,1153.00,-1153.00
2019-03-04,Ben S. paid Louise B.,Payment,1144.50,GBP,-1144.50,1144.50
2019-03-16,Flight seat reservations,Plane,145.00,GBP,-72.50,72.50
2019-03-17,Electrcity,Electricity,74.00,GBP,37.00,-37.00
2019-03-17,Water bill,Water,24.00,GBP,12.00,-12.00
2019-03-17,Internet,TV/Phone/Internet,29.00,GBP,-14.50,14.50
2019-03-19,Lego ship,General,60.00,GBP,-60.00,60.00
2019-03-27,Council tax,General,233.00,GBP,-116.50,116.50
2019-04-01,Electrcity,Electricity,74.00,GBP,37.00,-37.00
2019-04-01,Water,Water,24.00,GBP,12.00,-12.00
2019-04-04,Internet,TV/Phone/Internet,29.00,GBP,-14.50,14.50
2019-04-14,Spare room bedding ,Rent,31.00,GBP,15.50,-15.50
2019-04-14,Service charge,General,2143.13,GBP,-642.94,642.94
2019-04-14,Armchair Ikea,Furniture,130.00,GBP,65.00,-65.00
2019-04-14,Balcony furniture,General,218.00,GBP,109.00,-109.00
2019-04-14,Louise B. paid Ben S.,Payment,633.44,GBP,633.44,-633.44
2019-04-16,Ikea table component,Furniture,50.00,GBP,-50.00,50.00
2019-04-16,Flight,Plane,157.00,GBP,-157.00,157.00
2019-04-24,Holiday rental,General,195.00,GBP,-97.50,97.50
2019-04-28,Holiday Flights ,Plane,413.00,GBP,206.50,-206.50
2019-04-28,Premier inn Gatwick,Hotel,76.00,GBP,-38.00,38.00
2019-04-29,Council Tax,General,136.00,GBP,-68.00,68.00
2019-05-01,Electrcity,Electricity,74.00,GBP,37.00,-37.00
2019-05-01,Water,Water,24.00,GBP,12.00,-12.00
2019-05-01,Curtains deposit,General,950.00,GBP,-475.00,475.00
2019-05-04,Internet,TV/Phone/Internet,29.00,GBP,-14.50,14.50
2019-05-08,Car hire ,Car,197.00,GBP,98.50,-98.50
2019-05-13,Coffee Table,Dining out,150.00,GBP,-75.00,75.00
2019-05-20,Louise B. paid Ben S.,Payment,350.00,GBP,350.00,-350.00
2019-05-22,Curtains - balance ,General,942.00,GBP,-471.00,471.00
2019-05-29,Council Tax,General,136.00,GBP,-68.00,68.00
2019-06-01,Electrcity,Electricity,74.00,GBP,37.00,-37.00
2019-06-01,Water,Water,24.00,GBP,12.00,-12.00
2019-06-04,Internet,TV/Phone/Internet,29.00,GBP,-14.50,14.50
2019-06-06,Louise B. paid Ben S.,Payment,300.00,GBP,300.00,-300.00
2019-06-23,Shopping,General,62.00,GBP,62.00,-62.00
2019-06-23,Service charge,General,2143.13,GBP,-642.94,642.94
2019-06-28,Louise B. paid Ben S.,Payment,1056.44,GBP,1056.44,-1056.44
2019-06-29,Council Tax,General,136.00,GBP,-68.00,68.00
2019-07-01,Electrcity,Electricity,74.00,GBP,37.00,-37.00
2019-07-01,Water,Water,24.00,GBP,12.00,-12.00
2019-07-04,Internet,TV/Phone/Internet,29.00,GBP,-14.50,14.50
2019-07-08,National Trust,General,120.00,GBP,60.00,-60.00
2019-07-29,Council Tax,General,136.00,GBP,-68.00,68.00
2019-08-01,Electrcity,Electricity,58.00,GBP,29.00,-29.00
2019-08-01,Water,Water,24.00,GBP,12.00,-12.00
2019-08-04,Internet,TV/Phone/Internet,29.00,GBP,-14.50,14.50
2019-08-13,Stonefield Castle,General,480.00,GBP,240.00,-240.00
2019-08-18,Cutty sark dinner,Dining out,132.00,GBP,-66.00,66.00
2019-08-18,Tower of london,General,50.00,GBP,-25.00,25.00
2019-08-18,Wedding presents,General,40.00,GBP,-40.00,40.00
2019-08-18,Ben S. paid Louise B.,Payment,102.00,GBP,-102.00,102.00
2019-08-29,Council Tax,General,136.00,GBP,-68.00,68.00
2019-09-01,Electrcity,Electricity,58.00,GBP,29.00,-29.00
2019-09-01,Water,Water,24.00,GBP,12.00,-12.00
2019-09-02,Coach transfer,General,39.00,GBP,-39.00,39.00
2019-09-04,Internet,TV/Phone/Internet,29.00,GBP,-14.50,14.50
2019-09-09,Saturday shop,Groceries,50.00,GBP,-50.00,50.00
2019-09-28,Louise B. paid Ben S.,Payment,138.50,GBP,138.50,-138.50
2019-09-29,Council Tax,General,136.00,GBP,-68.00,68.00
2019-10-01,Electrcity,Electricity,58.00,GBP,29.00,-29.00
2019-10-01,Water,Water,24.00,GBP,12.00,-12.00
2019-10-04,Internet,TV/Phone/Internet,29.00,GBP,-14.50,14.50
2019-10-29,Council Tax,General,136.00,GBP,-68.00,68.00
2019-11-01,Electrcity,Electricity,58.00,GBP,29.00,-29.00
2019-11-01,Water,Water,24.00,GBP,12.00,-12.00
2019-11-04,Internet,TV/Phone/Internet,29.00,GBP,-14.50,14.50
2019-11-04,Pictures,General,160.00,GBP,-50.00,50.00
2019-11-23,Baby presents,General,37.00,GBP,-18.50,18.50
2019-11-23,Rose hand cream ,Groceries,12.00,GBP,-12.00,12.00
2019-11-23,Decorations and cushion,General,142.00,GBP,-71.00,71.00
2019-11-29,Council Tax,General,132.00,GBP,-66.00,66.00
2019-12-01,Electrcity,Electricity,58.00,GBP,29.00,-29.00
2019-12-01,Water,Water,24.00,GBP,12.00,-12.00
2019-12-04,Internet,TV/Phone/Internet,29.00,GBP,-14.50,14.50
2019-12-08,Council tax refund,General,12.00,GBP,12.00,-12.00
2019-12-10,Manatee taxi credit,Taxi,20.00,GBP,20.00,-20.00
2019-12-15,Ground Rent,Rent,400.00,GBP,200.00,-200.00
2019-12-27,TV licence,TV/Phone/Internet,154.50,GBP,77.25,-77.25
2019-12-29,Council Tax,General,132.00,GBP,-66.00,66.00
2020-01-01,Electrcity,Electricity,58.00,GBP,29.00,-29.00
2020-01-01,Water,Water,24.00,GBP,12.00,-12.00
2020-01-01,Florence flights and hotel,Plane,130.00,GBP,-130.00,130.00
2020-01-04,Internet,TV/Phone/Internet,29.00,GBP,-14.50,14.50
2020-01-19,Contents insurance ,Insurance,57.00,GBP,-19.00,19.00
2020-01-19,Oban flights,Plane,228.00,GBP,-76.00,76.00
2020-01-19,Service Charge ,General,2073.84,GBP,-691.28,691.28
2020-01-29,Council Tax,General,132.00,GBP,-66.00,66.00
2020-02-01,Electrcity,Electricity,58.00,GBP,29.00,-29.00
2020-02-01,Water,Water,24.00,GBP,12.00,-12.00
2020-02-04,Internet,TV/Phone/Internet,35.00,GBP,-17.50,17.50
2020-02-08,Didcot hotel,Hotel,80.00,GBP,40.00,-40.00
2020-02-29,Louise B. paid Ben S.,Payment,500.00,GBP,500.00,-500.00
2020-03-01,Electrcity,Electricity,58.00,GBP,29.00,-29.00
2020-03-01,Water,Water,24.00,GBP,12.00,-12.00
2020-03-04,Internet,TV/Phone/Internet,35.00,GBP,-17.50,17.50
2020-03-08,America flights,Plane,3200.00,GBP,-1600.00,1600.00
2020-03-17,Manatee computer ,General,300.00,GBP,-300.00,300.00
2020-04-01,Electrcity,Electricity,58.00,GBP,29.00,-29.00
2020-04-01,Water,Water,24.00,GBP,12.00,-12.00
2020-04-04,Internet,TV/Phone/Internet,35.00,GBP,-17.50,17.50
2020-04-10,Horse racing ,General,40.00,GBP,-20.00,20.00
2020-04-13,Horse race winnings,General,22.00,GBP,22.00,-22.00
2020-04-23,Ben Shoes,Clothing,45.00,GBP,45.00,-45.00
2020-04-26,Louise B. paid Ben S.,Payment,500.00,GBP,500.00,-500.00
2020-04-26,Horse racing ,General,10.00,GBP,-10.00,10.00
2020-04-29,Council Tax,General,132.00,GBP,-66.00,66.00
2020-05-01,Electrcity,Electricity,58.00,GBP,29.00,-29.00
2020-05-01,Water,Water,24.00,GBP,12.00,-12.00
2020-05-04,Internet,TV/Phone/Internet,35.00,GBP,-17.50,17.50
2020-05-29,Council Tax,General,132.00,GBP,-66.00,66.00
2020-05-30,Louise B. paid Ben S.,Payment,500.00,GBP,500.00,-500.00
2020-06-01,Electrcity,Electricity,58.00,GBP,29.00,-29.00
2020-06-01,Water,Water,24.00,GBP,12.00,-12.00
2020-06-04,Internet,TV/Phone/Internet,35.00,GBP,-17.50,17.50
2020-06-29,Council Tax,General,132.00,GBP,-66.00,66.00
2020-07-01,Electrcity,Electricity,58.00,GBP,29.00,-29.00
2020-07-01,Water,Water,24.00,GBP,12.00,-12.00
2020-07-03,Louise B. paid Ben S.,Payment,400.00,GBP,400.00,-400.00
2020-07-04,Internet,TV/Phone/Internet,35.00,GBP,-17.50,17.50
2020-07-11,Service charge,General,2423.28,GBP,-711.28,711.28
2020-07-14,National Trust Subscription,General,120.00,GBP,60.00,-60.00
2020-07-14,Louise B. paid Ben S.,Payment,700.00,GBP,700.00,-700.00
2020-07-29,Council Tax,General,132.00,GBP,-66.00,66.00
2020-08-01,Electrcity,Electricity,58.00,GBP,29.00,-29.00
2020-08-01,Water,Water,24.00,GBP,12.00,-12.00
2020-08-01,Apple music and icloud,Groceries,17.50,GBP,-8.75,8.75
2020-08-04,Internet,TV/Phone/Internet,35.00,GBP,-17.50,17.50
2020-08-29,Council Tax,General,132.00,GBP,-66.00,66.00
2020-09-01,Electrcity,Electricity,58.00,GBP,29.00,-29.00
2020-09-01,Water,Water,24.00,GBP,12.00,-12.00
2020-09-01,Apple music and icloud,Groceries,17.50,GBP,-8.75,8.75
2020-09-03,Louise B. paid Ben S.,Payment,200.00,GBP,200.00,-200.00
2020-09-04,Internet,TV/Phone/Internet,35.00,GBP,-17.50,17.50
2020-09-28,Car,Car,3765.00,GBP,-3765.00,3765.00
2020-09-29,Council Tax,General,132.00,GBP,-66.00,66.00
2020-09-30,Car tax,Car,150.00,GBP,75.00,-75.00
2020-09-30,Car insurance,Insurance,324.00,GBP,162.00,-162.00
2020-10-01,Electrcity,Electricity,58.00,GBP,29.00,-29.00
2020-10-01,Water,Water,24.00,GBP,12.00,-12.00
2020-10-01,Apple music and icloud,Groceries,17.50,GBP,-8.75,8.75
2020-10-04,Internet,TV/Phone/Internet,35.00,GBP,-17.50,17.50
2020-10-29,Council Tax,General,132.00,GBP,-66.00,66.00
2020-11-01,Electrcity,Electricity,58.00,GBP,29.00,-29.00
2020-11-01,Water,Water,24.00,GBP,12.00,-12.00
2020-11-01,Apple music and icloud,Groceries,17.50,GBP,-8.75,8.75
2020-11-01,Louise B. paid Ben S.,Payment,2000.00,GBP,2000.00,-2000.00
2020-11-04,Internet,TV/Phone/Internet,35.00,GBP,-17.50,17.50
2020-11-29,Council Tax,General,132.00,GBP,-66.00,66.00
2020-11-30,Ground Rent 2021,Rent,400.00,GBP,200.00,-200.00
2020-12-01,Electrcity,Electricity,58.00,GBP,29.00,-29.00
2020-12-01,Water,Water,24.00,GBP,12.00,-12.00
2020-12-01,Apple music and icloud,Groceries,17.50,GBP,-8.75,8.75
2020-12-04,Internet,TV/Phone/Internet,35.00,GBP,-17.50,17.50
2020-12-17,TV Licence,TV/Phone/Internet,157.50,GBP,78.75,-78.75
2020-12-29,Council Tax,General,132.00,GBP,-66.00,66.00
2021-01-01,Electrcity,Electricity,58.00,GBP,29.00,-29.00
2021-01-01,Water,Water,24.00,GBP,12.00,-12.00
2021-01-01,Apple music and icloud,Groceries,17.50,GBP,-8.75,8.75
2021-01-02,Louise B. paid Ben S.,Payment,500.00,GBP,500.00,-500.00
2021-01-04,Ink cartridges,General,36.99,GBP,-36.99,36.99
2021-01-04,Internet,TV/Phone/Internet,29.00,GBP,-14.50,14.50
2021-01-08,Tracing paper,Household supplies,7.99,GBP,-7.99,7.99
2021-01-16,Contents insurance,Insurance,57.55,GBP,-28.78,28.78
2021-01-20,Hot Water Bill,Water,327.39,GBP,163.70,-163.70
2021-01-21,Manatee Debt Amnesty,General,1000.00,GBP,1000.00,-1000.00
2021-01-23,Six nations guesser,General,15.00,GBP,-7.50,7.50
2021-01-29,Council Tax,General,132.00,GBP,-66.00,66.00
2021-01-31,Service charge,General,702.00,GBP,-702.00,702.00
2021-01-31,Louise B. paid Ben S.,Payment,850.00,GBP,850.00,-850.00
2021-02-01,Electrcity,Electricity,58.00,GBP,29.00,-29.00
2021-02-01,Water,Water,24.00,GBP,12.00,-12.00
2021-02-01,Apple music and icloud,Groceries,17.50,GBP,-8.75,8.75
2021-02-01,Hot Water,Water,30.00,GBP,15.00,-15.00
2021-02-04,Internet,TV/Phone/Internet,29.00,GBP,-14.50,14.50
2021-03-01,Electrcity,Electricity,58.00,GBP,29.00,-29.00
2021-03-01,Water,Water,24.00,GBP,12.00,-12.00
2021-03-01,Apple music and icloud,Groceries,17.50,GBP,-8.75,8.75
2021-03-01,Hot Water,Water,30.00,GBP,15.00,-15.00
2021-03-04,Internet,TV/Phone/Internet,29.00,GBP,-14.50,14.50
2021-03-14,Cotswold holiday ,General,528.60,GBP,264.30,-264.30
2021-04-01,Electrcity,Electricity,58.00,GBP,29.00,-29.00
2021-04-01,Water,Water,24.00,GBP,12.00,-12.00
2021-04-01,Apple music and icloud,Groceries,17.50,GBP,-8.75,8.75
2021-04-01,Hot Water,Water,30.00,GBP,15.00,-15.00
2021-04-04,Internet,TV/Phone/Internet,29.00,GBP,-14.50,14.50
2021-04-14,Louise B. paid Ben S.,Payment,100.00,GBP,100.00,-100.00
2021-04-14,Sissinghurst B&B,General,410.00,GBP,-205.00,205.00
2021-04-14,White company,General,54.00,GBP,-54.00,54.00
2021-04-17,Peat Spade Inn,Hotel,149.00,GBP,74.50,-74.50
2021-04-18,Travelodge,General,53.00,GBP,-26.50,26.50
2021-04-27,Council Tax,General,121.00,GBP,-60.50,60.50
2021-05-01,Electrcity,Electricity,58.00,GBP,29.00,-29.00
2021-05-01,Water,Water,24.00,GBP,12.00,-12.00
2021-05-01,Apple music and icloud,Groceries,17.50,GBP,-8.75,8.75
2021-05-01,Hot Water,Water,30.00,GBP,15.00,-15.00
2021-05-04,Internet,TV/Phone/Internet,29.00,GBP,-14.50,14.50
2021-05-08,Premier Inn,Hotel,30.00,GBP,-15.00,15.00
2021-05-08,East wall hotel,Hotel,338.00,GBP,-169.00,169.00
2021-05-27,Council Tax,General,121.00,GBP,-60.50,60.50
2021-06-01,Electrcity,Electricity,58.00,GBP,29.00,-29.00
2021-06-01,Water,Water,24.00,GBP,12.00,-12.00
2021-06-01,Apple music and icloud,Groceries,17.50,GBP,-8.75,8.75
2021-06-01,Hot Water,Water,30.00,GBP,15.00,-15.00
2021-06-04,Internet,TV/Phone/Internet,29.00,GBP,-14.50,14.50
2021-06-27,Council Tax,General,121.00,GBP,-60.50,60.50
2021-07-01,Electrcity,Electricity,58.00,GBP,29.00,-29.00
2021-07-01,Water,Water,24.00,GBP,12.00,-12.00
2021-07-01,Apple music and icloud,Groceries,17.50,GBP,-8.75,8.75
2021-07-01,Hot Water,Water,30.00,GBP,15.00,-15.00
2021-07-04,Internet,TV/Phone/Internet,29.00,GBP,-14.50,14.50
2021-07-17,National trust ,General,120.00,GBP,60.00,-60.00
2021-07-27,Council Tax,General,121.00,GBP,-60.50,60.50
2021-08-01,Electrcity,Electricity,58.00,GBP,29.00,-29.00
2021-08-01,Water,Water,24.00,GBP,12.00,-12.00
2021-08-01,Apple music and icloud,Groceries,17.50,GBP,-8.75,8.75
2021-08-01,Hot Water,Water,30.00,GBP,15.00,-15.00
2021-08-04,Internet,TV/Phone/Internet,29.00,GBP,-14.50,14.50
2021-08-20,Car tax,Car,155.00,GBP,77.50,-77.50
2021-08-27,Council Tax,General,121.00,GBP,-60.50,60.50
2021-09-01,Electrcity,Electricity,81.00,GBP,40.50,-40.50
2021-09-01,Water,Water,24.00,GBP,12.00,-12.00
2021-09-01,Apple music and icloud,Groceries,17.50,GBP,-8.75,8.75
2021-09-01,Hot Water,Water,30.00,GBP,15.00,-15.00
2021-09-04,Internet,TV/Phone/Internet,29.00,GBP,-14.50,14.50
2021-09-08,Covid tests,General,87.00,GBP,-87.00,87.00
2021-09-12,Car insurance ,Insurance,305.00,GBP,152.50,-152.50
2021-09-12,Ink catridges,General,35.00,GBP,-35.00,35.00
2021-09-27,Council Tax,General,121.00,GBP,-60.50,60.50
2021-10-01,Electrcity,Electricity,81.00,GBP,40.50,-40.50
2021-10-01,Water,Water,24.00,GBP,12.00,-12.00
2021-10-01,Apple music and icloud,Groceries,17.50,GBP,-8.75,8.75
2021-10-01,Hot Water,Water,30.00,GBP,15.00,-15.00
2021-10-04,Internet,TV/Phone/Internet,29.00,GBP,-14.50,14.50
2021-10-15,Holiday,General,100.00,GBP,-100.00,100.00
2021-10-16,Car service,Car,267.00,GBP,133.50,-133.50
2021-10-27,Council Tax,General,121.00,GBP,-60.50,60.50
2021-11-01,Electrcity,Electricity,81.00,GBP,40.50,-40.50
2021-11-01,Water,Water,24.00,GBP,12.00,-12.00
2021-11-01,Apple music and icloud,Groceries,17.50,GBP,-8.75,8.75
2021-11-01,Hot Water,Water,30.00,GBP,15.00,-15.00
2021-11-04,Internet,TV/Phone/Internet,29.00,GBP,-14.50,14.50
2021-11-20,Taxi,Taxi,14.00,GBP,14.00,-14.00
2021-11-20,Ground rent ,Rent,400.00,GBP,200.00,-200.00
2021-11-27,Council Tax,General,121.00,GBP,-60.50,60.50
2021-12-01,Electrcity,Electricity,81.00,GBP,40.50,-40.50
2021-12-01,Water,Water,24.00,GBP,12.00,-12.00
2021-12-01,Apple music and icloud,Groceries,17.50,GBP,-8.75,8.75
2021-12-01,Hot Water,Water,100.00,GBP,50.00,-50.00
2021-12-04,Internet,TV/Phone/Internet,29.00,GBP,-14.50,14.50
2021-12-20,TV licence,TV/Phone/Internet,159.00,GBP,79.50,-79.50
2021-12-27,Council Tax,General,146.00,GBP,-73.00,73.00
2021-12-30,Charity rowathon,General,60.00,GBP,-30.00,30.00
2022-01-01,Electrcity,Electricity,81.00,GBP,40.50,-40.50
2022-01-01,Water,Water,24.00,GBP,12.00,-12.00
2022-01-01,Apple music and icloud,Groceries,17.50,GBP,-8.75,8.75
2022-01-01,Hot Water,Water,30.00,GBP,15.00,-15.00
2022-01-03,Service Charge ,General,2389.68,GBP,1678.00,-1678.00
2022-01-03,Ben S. paid Louise B.,Payment,1413.18,GBP,-1413.18,1413.18
2022-01-04,Internet,TV/Phone/Internet,29.00,GBP,-14.50,14.50
2022-01-16,Egypt flights,Plane,531.00,GBP,-265.50,265.50
2022-01-16,Malta flights easy jet,Plane,91.00,GBP,-45.50,45.50
2022-01-16,Malta hotel,Hotel,397.00,GBP,-198.50,198.50
2022-01-27,Council Tax,General,146.00,GBP,-73.00,73.00
2022-02-01,Electrcity,Electricity,81.00,GBP,40.50,-40.50
2022-02-01,Water,Water,24.00,GBP,12.00,-12.00
2022-02-01,Apple music and icloud,Groceries,17.50,GBP,-8.75,8.75
2022-02-01,Hot Water,Water,30.00,GBP,15.00,-15.00
2022-02-04,Internet,TV/Phone/Internet,29.00,GBP,-14.50,14.50
2022-02-12,Hot water ( additional ) ,Water,104.97,GBP,104.97,-104.97
2022-03-01,Electrcity,Electricity,81.00,GBP,40.50,-40.50
2022-03-01,Water,Water,24.00,GBP,12.00,-12.00
2022-03-01,Apple music and icloud,Groceries,17.50,GBP,-8.75,8.75
2022-03-01,Hot Water,Water,30.00,GBP,15.00,-15.00
2022-03-04,Internet,TV/Phone/Internet,25.00,GBP,-12.50,12.50
2022-03-09,Service charge - 2020 balance,General,1549.80,GBP,-516.60,516.60
2022-04-01,Electrcity,Electricity,81.00,GBP,40.50,-40.50
2022-04-01,Water,Water,24.00,GBP,12.00,-12.00
2022-04-01,Apple music and icloud,Groceries,17.50,GBP,-8.75,8.75
2022-04-01,Hot Water,Water,30.00,GBP,15.00,-15.00
2022-04-02,Louise B. paid Ben S.,Payment,826.38,GBP,826.38,-826.38
2022-04-04,Internet,TV/Phone/Internet,25.00,GBP,-12.50,12.50
2022-04-10,Egypt holiday deposit ,General,600.00,GBP,300.00,-300.00
2022-04-21,Hot water difference,Water,30.00,GBP,15.00,-15.00
2022-05-01,Electrcity,Electricity,81.00,GBP,40.50,-40.50
2022-05-01,Water,Water,24.00,GBP,12.00,-12.00
2022-05-01,Apple music and icloud,Groceries,17.50,GBP,-8.75,8.75
2022-05-01,Hot Water,Water,30.00,GBP,15.00,-15.00
2022-05-04,Internet,TV/Phone/Internet,25.00,GBP,-12.50,12.50
2022-05-10,Council revate,General,75.00,GBP,75.00,-75.00
2022-05-14,Peak District,General,488.00,GBP,244.00,-244.00
2022-05-14,Travelodge lake district,General,45.00,GBP,-22.50,22.50
2022-05-17,Premier inn Portsmouth ,Hotel,209.00,GBP,-104.50,104.50
2022-05-17,Glasgow flights,Plane,70.00,GBP,-35.00,35.00
2022-05-28,Ben S. paid Louise B.,Payment,500.00,GBP,-500.00,500.00
2022-06-01,Electrcity,Electricity,81.00,GBP,40.50,-40.50
2022-06-01,Water,Water,24.00,GBP,12.00,-12.00
2022-06-01,Apple music and icloud,Groceries,17.50,GBP,-8.75,8.75
2022-06-01,Hot Water,Water,30.00,GBP,15.00,-15.00
2022-06-04,Internet,TV/Phone/Internet,25.00,GBP,-12.50,12.50
2022-06-17,Civil ceremony,General,674.00,GBP,337.00,-337.00
2022-06-18,Go boats,General,95.00,GBP,-47.50,47.50
2022-06-25,France car hire,Car,166.00,GBP,166.00,-166.00
2022-06-25,Manatee France House,General,250.00,GBP,250.00,-250.00
2022-07-01,Electrcity,Electricity,81.00,GBP,40.50,-40.50
2022-07-01,Water,Water,24.00,GBP,12.00,-12.00
2022-07-01,Apple music and icloud,Groceries,17.50,GBP,-8.75,8.75
2022-07-01,Hot Water,Water,30.00,GBP,15.00,-15.00
2022-07-04,Internet,TV/Phone/Internet,25.00,GBP,-12.50,12.50
2022-07-11,Service charge,General,695.00,GBP,-695.00,695.00
2022-07-16,National Trust Membership,General,127.00,GBP,63.50,-63.50
2022-07-22,Handmade Food Deposit,General,471.80,GBP,235.90,-235.90
2022-07-24,Rangers House deposite,General,1770.00,GBP,885.00,-885.00
2022-07-24,Egypt ,General,7090.00,GBP,4590.00,-4590.00
2022-07-24,Ben S. paid Louise B.,Payment,5885.15,GBP,-5885.15,5885.15
2022-07-27,Council tax,General,152.00,GBP,-76.00,76.00
2022-08-01,Electrcity,Electricity,81.00,GBP,40.50,-40.50
2022-08-01,Water,Water,24.00,GBP,12.00,-12.00
2022-08-01,Apple music and icloud,Groceries,17.50,GBP,-8.75,8.75
2022-08-01,Goring drinks,Liquor,140.00,GBP,140.00,-140.00
2022-08-01,Hot Water,Water,30.00,GBP,15.00,-15.00
2022-08-04,Internet,TV/Phone/Internet,25.00,GBP,-12.50,12.50
2022-08-22,Car tax,Car,165.00,GBP,82.50,-82.50
2022-08-27,Council tax,General,152.00,GBP,-76.00,76.00
2022-08-29,Races champagne,General,65.00,GBP,65.00,-65.00
2022-08-29,Ben S. paid Louise B.,Payment,181.75,GBP,-181.75,181.75
2022-09-01,Electrcity,Electricity,81.00,GBP,40.50,-40.50
2022-09-01,Water,Water,24.00,GBP,12.00,-12.00
2022-09-01,Apple music and icloud,Groceries,17.50,GBP,-8.75,8.75
2022-09-01,Hot Water,Water,30.00,GBP,15.00,-15.00
2022-09-04,Internet,TV/Phone/Internet,25.00,GBP,-12.50,12.50
2022-09-05,Art course,General,350.00,GBP,350.00,-350.00
2022-09-05,Ben S. paid Louise B.,Payment,396.25,GBP,-396.25,396.25
2022-09-09,Car MOT & Service,Car,150.00,GBP,75.00,-75.00
2022-09-14,Concert ticket - Show of Hands,Music,65.00,GBP,32.50,-32.50
2022-09-19,Norton Park Hotle,General,155.00,GBP,77.50,-77.50
2022-09-24,Car insurance ,Insurance,360.00,GBP,180.00,-180.00
2022-09-27,Council tax,General,152.00,GBP,-76.00,76.00
2022-10-01,Electricity,Electricity,50.00,GBP,25.00,-25.00
2022-10-01,Water,Water,24.00,GBP,12.00,-12.00
2022-10-01,Apple music and icloud,Groceries,17.50,GBP,-8.75,8.75
2022-10-01,Hot Water,Water,50.00,GBP,25.00,-25.00
2022-10-04,Internet,TV/Phone/Internet,25.00,GBP,-12.50,12.50
2022-10-10,Civil cermony invited,General,30.00,GBP,15.00,-15.00
2022-10-20,Holiday spending,General,500.00,GBP,-500.00,500.00
2022-10-22,Christmas lunch,Dining out,48.30,GBP,48.30,-48.30
2022-10-27,Council tax,General,152.00,GBP,-76.00,76.00
2022-11-01,Electricity,Electricity,50.00,GBP,25.00,-25.00
2022-11-01,Water,Water,24.00,GBP,12.00,-12.00
2022-11-01,Apple music and icloud,Groceries,17.50,GBP,-8.75,8.75
2022-11-01,Hot Water,Water,50.00,GBP,25.00,-25.00
2022-11-04,Internet,TV/Phone/Internet,25.00,GBP,-12.50,12.50
2022-11-12,Ground rent,Rent,400.00,GBP,-200.00,200.00
2022-11-22,Food shop,Groceries,95.00,GBP,47.50,-47.50
2022-11-27,Council tax,General,152.00,GBP,-76.00,76.00
2022-12-01,Electricity,Electricity,50.00,GBP,25.00,-25.00
2022-12-01,Water,Water,24.00,GBP,12.00,-12.00
2022-12-01,Apple music and icloud,Groceries,17.50,GBP,-8.75,8.75
2022-12-01,Hot Water,Water,50.00,GBP,25.00,-25.00
2022-12-04,Internet,TV/Phone/Internet,25.00,GBP,-12.50,12.50
2022-12-05,Charlie present contribution,General,10.00,GBP,-10.00,10.00
2022-12-17,Trev present ,General,40.00,GBP,-40.00,40.00
2022-12-18,TV licence,TV/Phone/Internet,159.00,GBP,79.50,-79.50
2022-12-18,Flowers civil ceremony deposit,General,300.00,GBP,150.00,-150.00
2022-12-27,Council tax,General,152.00,GBP,-76.00,76.00
2023-01-01,Electricity,Electricity,50.00,GBP,25.00,-25.00
2023-01-01,Water,Water,24.00,GBP,12.00,-12.00
2023-01-01,Apple music and icloud,Groceries,17.50,GBP,-8.75,8.75
2023-01-01,Hot Water,Water,50.00,GBP,25.00,-25.00
2023-01-02,Turin,General,100.00,GBP,-100.00,100.00
2023-01-02,Travel insurnace ,Transportation - Other,149.00,GBP,74.50,-74.50
2023-01-04,Internet,TV/Phone/Internet,25.00,GBP,-12.50,12.50
2023-01-07,Contents insurance,Insurance,51.00,GBP,-25.50,25.50
2023-01-07,Amsterdam,General,200.00,GBP,-200.00,200.00
2023-01-10,Photographer deposit,General,100.00,GBP,50.00,-50.00
2023-01-20,Plane seats,Plane,200.00,GBP,200.00,-200.00
2023-01-22,Service charge ,General,736.00,GBP,-736.00,736.00
2023-01-22,Louise B. paid Ben S.,Payment,922.70,GBP,922.70,-922.70
2023-01-27,Council tax,General,152.00,GBP,-76.00,76.00
2023-02-01,Electricity,Electricity,50.00,GBP,25.00,-25.00
2023-02-01,Water,Water,24.00,GBP,12.00,-12.00
2023-02-01,Apple music and icloud,Groceries,17.50,GBP,-8.75,8.75
2023-02-01,Hot Water,Water,50.00,GBP,25.00,-25.00
2023-02-03,Greenwich park photo licence,General,120.00,GBP,60.00,-60.00
2023-02-04,Internet,TV/Phone/Internet,25.00,GBP,-12.50,12.50
2023-02-12,Drinks Bentleys ,Liquor,90.00,GBP,90.00,-90.00
2023-02-12,Times subscripton,General,6.50,GBP,3.25,-3.25
2023-02-27,Council tax,General,152.00,GBP,-76.00,76.00
2023-03-01,Electricity,Electricity,50.00,GBP,25.00,-25.00
2023-03-01,Water,Water,24.00,GBP,12.00,-12.00
2023-03-01,Apple music and icloud,Groceries,17.50,GBP,-8.75,8.75
2023-03-01,Hot Water,Water,50.00,GBP,25.00,-25.00
2023-03-04,Internet,TV/Phone/Internet,25.00,GBP,-12.50,12.50
2023-03-12,Times subscripton,General,6.50,GBP,3.25,-3.25
2023-03-27,Council tax,General,152.00,GBP,-76.00,76.00
2023-04-01,Electricity,Electricity,50.00,GBP,25.00,-25.00
2023-04-01,Water,Water,24.00,GBP,12.00,-12.00
2023-04-01,Apple music and icloud,Groceries,17.50,GBP,-8.75,8.75
2023-04-01,Hot Water,Water,50.00,GBP,25.00,-25.00
2023-04-02,Give notice civil ceremony,General,70.00,GBP,35.00,-35.00
2023-04-04,Internet,TV/Phone/Internet,25.00,GBP,-12.50,12.50
2023-04-12,Times subscripton,General,6.50,GBP,3.25,-3.25
2023-04-13,Car insurance excess,Insurance,400.00,GBP,200.00,-200.00
2023-04-16,Italy september hotels,Hotel,250.00,GBP,-250.00,250.00
2023-04-27,Council tax,General,152.00,GBP,-76.00,76.00
2023-05-01,Electricity,Electricity,50.00,GBP,25.00,-25.00
2023-05-01,Water,Water,24.00,GBP,12.00,-12.00
2023-05-01,Apple music and icloud,Groceries,17.50,GBP,-8.75,8.75
2023-05-01,Hot Water,Water,50.00,GBP,25.00,-25.00
2023-05-04,Internet,TV/Phone/Internet,25.00,GBP,-12.50,12.50
2023-05-07,RHS memebership,General,78.00,GBP,39.00,-39.00
2023-05-08,Rangers house fee,General,1770.00,GBP,-885.00,885.00
2023-05-12,Times subscripton,General,6.50,GBP,3.25,-3.25
2023-05-27,Council tax,General,161.00,GBP,-80.50,80.50
2023-06-01,Electricity,Electricity,50.00,GBP,25.00,-25.00
2023-06-01,Water,Water,24.00,GBP,12.00,-12.00
2023-06-01,Apple music and icloud,Groceries,17.50,GBP,-8.75,8.75
2023-06-01,Hot Water,Water,50.00,GBP,25.00,-25.00
2023-06-04,Internet,TV/Phone/Internet,29.00,GBP,-14.50,14.50
2023-06-05,Handmade food,General,1100.84,GBP,-550.42,550.42
2023-06-17,Flowers,General,2916.00,GBP,1458.00,-1458.00
2023-06-17,Photographer,General,350.00,GBP,175.00,-175.00
2023-06-18,Ben S. paid Louise B.,Payment,201.83,GBP,-201.83,201.83
2023-06-27,Council tax,General,161.00,GBP,-80.50,80.50
2023-07-01,Electricity,Electricity,50.00,GBP,25.00,-25.00
2023-07-01,Water,Water,24.00,GBP,12.00,-12.00
2023-07-01,Apple music and icloud,Groceries,17.50,GBP,-8.75,8.75
2023-07-01,Hot Water,Water,50.00,GBP,25.00,-25.00
2023-07-04,Internet,TV/Phone/Internet,29.00,GBP,-14.50,14.50
2023-07-16,Service charge,General,830.00,GBP,-830.00,830.00
2023-07-27,Council tax,General,161.00,GBP,-80.50,80.50
2023-08-01,Electricity,Electricity,50.00,GBP,25.00,-25.00
2023-08-01,Water,Water,24.00,GBP,12.00,-12.00
2023-08-01,Apple music and icloud,Groceries,17.50,GBP,-8.75,8.75
2023-08-01,English heritage,General,120.00,GBP,-60.00,60.00
2023-08-01,Hot Water,Water,50.00,GBP,25.00,-25.00
2023-08-04,Internet,TV/Phone/Internet,29.00,GBP,-14.50,14.50
2023-08-13,Car tax,Car,180.00,GBP,90.00,-90.00
2023-08-27,Council tax,General,161.00,GBP,-80.50,80.50
2023-08-31,Book,General,9.65,GBP,-9.65,9.65
2023-09-01,Electricity,Electricity,50.00,GBP,25.00,-25.00
2023-09-01,Water,Water,24.00,GBP,12.00,-12.00
2023-09-01,Apple music and icloud,Groceries,17.50,GBP,-8.75,8.75
2023-09-01,Hot Water,Water,50.00,GBP,25.00,-25.00
2023-09-02,Fizz,General,45.00,GBP,45.00,-45.00
2023-09-03,Louise B. paid Ben S.,Payment,875.40,GBP,875.40,-875.40
2023-09-04,Internet,TV/Phone/Internet,29.00,GBP,-14.50,14.50
2023-09-21,MOT,General,54.00,GBP,27.00,-27.00
2023-09-21,Service charge car lark,Car,11.32,GBP,-3.85,3.85
2023-09-24,Car insurance ,Insurance,532.00,GBP,266.00,-266.00
2023-09-27,Council tax,General,161.00,GBP,-80.50,80.50
2023-10-01,Electricity,Electricity,80.00,GBP,40.00,-40.00
2023-10-01,Water,Water,24.00,GBP,12.00,-12.00
2023-10-01,Apple music and icloud,Groceries,17.50,GBP,-8.75,8.75
2023-10-01,Hot Water,Water,50.00,GBP,25.00,-25.00
2023-10-04,Internet,TV/Phone/Internet,29.00,GBP,-14.50,14.50
2023-10-15,Ground rent,Rent,400.00,GBP,-120.00,120.00
2023-10-18,Holiday deposit,General,1514.00,GBP,-454.20,454.20
2023-10-27,Council tax,General,161.00,GBP,-80.50,80.50
2023-11-01,Electricity,Electricity,80.00,GBP,40.00,-40.00
2023-11-01,Water,Water,24.00,GBP,12.00,-12.00
2023-11-01,Apple music and icloud,Groceries,17.50,GBP,-8.75,8.75
2023-11-01,Hot Water,Water,50.00,GBP,25.00,-25.00
2023-11-04,Internet,TV/Phone/Internet,32.00,GBP,-16.00,16.00
2023-11-12,Seat ba ,General,322.00,GBP,-322.00,322.00
2023-11-12,Switzerland trip,General,250.00,GBP,-250.00,250.00
2023-11-18,With energy decifit,Electricity,356.00,GBP,178.00,-178.00
2023-11-27,Council tax,General,161.00,GBP,-80.50,80.50
2023-11-30,Rose squeeze tickets,General,60.00,GBP,-30.00,30.00
2023-12-01,Electricity,Electricity,80.00,GBP,40.00,-40.00
2023-12-01,Water,Water,24.00,GBP,12.00,-12.00
2023-12-01,Apple music and icloud,Groceries,17.50,GBP,-8.75,8.75
2023-12-01,Hot Water,Water,50.00,GBP,25.00,-25.00
2023-12-01,Car break down  & travel insuranve,Car,13.00,GBP,6.50,-6.50
2023-12-04,Internet,TV/Phone/Internet,32.00,GBP,-16.00,16.00
2023-12-09,India,General,1543.00,GBP,-1543.00,1543.00
2023-12-09,TV licence ,TV/Phone/Internet,159.00,GBP,79.50,-79.50
2023-12-09,Jojo & charlie xmas,General,100.00,GBP,50.00,-50.00
2023-12-27,Council tax,General,161.00,GBP,-80.50,80.50
2024-01-01,Electricity,Electricity,80.00,GBP,40.00,-40.00
2024-01-01,Water,Water,24.00,GBP,12.00,-12.00
2024-01-01,Apple music and icloud,Groceries,17.50,GBP,-8.75,8.75
2024-01-01,Hot Water,Water,50.00,GBP,25.00,-25.00
2024-01-01,Car break down  & travel insuranve,Car,13.00,GBP,6.50,-6.50
2024-01-04,Internet,TV/Phone/Internet,32.00,GBP,-16.00,16.00
2024-01-04,Louise B. paid Ben S.,Payment,1000.00,GBP,1000.00,-1000.00
2024-01-27,Council tax,General,161.00,GBP,-80.50,80.50
2024-01-31,Hot water,Water,25.00,GBP,12.50,-12.50
2024-01-31,Louise B. paid Ben S.,Payment,1400.00,GBP,1400.00,-1400.00
2024-01-31,Ben S. paid Louise B.,Payment,96.45,GBP,-96.45,96.45
2024-02-01,Electricity,Electricity,80.00,GBP,40.00,-40.00
2024-02-01,Water,Water,24.00,GBP,12.00,-12.00
2024-02-01,Apple music and icloud,Groceries,17.50,GBP,-8.75,8.75
2024-02-01,Hot Water,Water,50.00,GBP,25.00,-25.00
2024-02-01,Car break down  & travel insuranve,Car,13.00,GBP,6.50,-6.50
2024-02-04,Internet,TV/Phone/Internet,32.00,GBP,-16.00,16.00
2024-02-12,Car service ,Car,344.00,GBP,172.00,-172.00
2024-02-23,Seevice charge ,General,2256.00,GBP,1579.20,-1579.20
2024-02-23,Service charge car park ,Car,308.00,GBP,215.60,-215.60
2024-02-26,Ben S. paid Louise B.,Payment,2025.55,GBP,-2025.55,2025.55
2024-03-01,Electricity,Electricity,80.00,GBP,40.00,-40.00
2024-03-01,Water,Water,24.00,GBP,12.00,-12.00
2024-03-01,Apple music and icloud,Groceries,17.50,GBP,-8.75,8.75
2024-03-01,Hot Water,Water,50.00,GBP,25.00,-25.00
2024-03-01,Car break down  & travel insuranve,Car,13.00,GBP,6.50,-6.50
2024-03-04,Internet,TV/Phone/Internet,32.00,GBP,-16.00,16.00
2024-03-18,Mantee art class,General,50.00,GBP,50.00,-50.00
2024-04-01,Electricity,Electricity,80.00,GBP,40.00,-40.00
2024-04-01,Water,Water,24.00,GBP,12.00,-12.00
2024-04-01,Apple music and icloud,Groceries,17.50,GBP,-8.75,8.75
2024-04-01,Hot Water,Water,50.00,GBP,25.00,-25.00
2024-04-01,Car break down  & travel insuranve,Car,13.00,GBP,6.50,-6.50
2024-04-04,Internet,TV/Phone/Internet,32.00,GBP,-16.00,16.00
2024-04-14,Italy trip,General,700.00,GBP,-700.00,700.00
2024-04-27,Council tax,General,171.00,GBP,-85.50,85.50
2024-04-28,Louise B. paid Ben S.,Payment,618.00,GBP,618.00,-618.00
2024-05-01,Electricity,Electricity,80.00,GBP,40.00,-40.00
2024-05-01,Water,Water,24.00,GBP,12.00,-12.00
2024-05-01,Apple music and icloud,Groceries,17.50,GBP,-8.75,8.75
2024-05-01,Hot Water,Water,50.00,GBP,25.00,-25.00
2024-05-01,Car break down  & travel insuranve,Car,13.00,GBP,6.50,-6.50
2024-05-04,Internet,TV/Phone/Internet,32.00,GBP,-16.00,16.00
2024-05-23,Sofa,General,978.00,GBP,-293.40,293.40
2024-05-25,Service charge,General,3038.00,GBP,-911.40,911.40
2024-05-27,Council tax,General,171.00,GBP,-85.50,85.50
2024-06-01,Electricity,Electricity,80.00,GBP,40.00,-40.00
2024-06-01,Water,Water,24.00,GBP,12.00,-12.00
2024-06-01,Apple music and icloud,Groceries,17.50,GBP,-8.75,8.75
2024-06-01,Hot Water,Water,50.00,GBP,25.00,-25.00
2024-06-01,Car break down  & travel insuranve,Car,13.00,GBP,6.50,-6.50
2024-06-04,Internet,TV/Phone/Internet,32.00,GBP,-16.00,16.00
2024-06-17,Rhs ,General,105.00,GBP,52.50,-52.50
2024-06-27,Council tax,General,171.00,GBP,-85.50,85.50
2024-06-30,Switzerland ,General,582.00,GBP,291.00,-291.00
2024-07-01,Electricity,Electricity,80.00,GBP,40.00,-40.00
2024-07-01,Water,Water,24.00,GBP,12.00,-12.00
2024-07-01,Apple music and icloud,Groceries,17.50,GBP,-8.75,8.75
2024-07-01,Hot Water,Water,50.00,GBP,25.00,-25.00
2024-07-01,Car break down  & travel insuranve,Car,13.00,GBP,6.50,-6.50
2024-07-04,Internet,TV/Phone/Internet,32.00,GBP,-16.00,16.00
2024-07-13,Picture frame,General,108.00,GBP,54.00,-54.00
2024-07-21,Return australia flights ,Plane,2000.00,GBP,-2000.00,2000.00
2024-07-27,Council tax,General,171.00,GBP,-85.50,85.50
2024-08-01,Electricity,Electricity,80.00,GBP,40.00,-40.00
2024-08-01,Water,Water,24.00,GBP,12.00,-12.00
2024-08-01,Apple music and icloud,Groceries,17.50,GBP,-8.75,8.75
2024-08-01,Hot Water,Water,50.00,GBP,25.00,-25.00
2024-08-01,Car break down  & travel insuranve,Car,13.00,GBP,6.50,-6.50
2024-08-01,Louise B. paid Ben S.,Payment,1000.00,GBP,1000.00,-1000.00
2024-08-04,Internet,TV/Phone/Internet,32.00,GBP,-16.00,16.00
2024-08-14,Manatee art course,General,150.00,GBP,150.00,-150.00
2024-08-14,Car tax,Car,190.00,GBP,95.00,-95.00
2024-08-27,Council tax,General,171.00,GBP,-85.50,85.50
2024-09-01,Electricity,Electricity,80.00,GBP,40.00,-40.00
2024-09-01,Water,Water,24.00,GBP,12.00,-12.00
2024-09-01,Apple music and icloud,Groceries,17.50,GBP,-8.75,8.75
2024-09-01,Hot Water,Water,50.00,GBP,25.00,-25.00
2024-09-01,Car break down  & travel insuranve,Car,13.00,GBP,6.50,-6.50
2024-09-03,Byron bay accommodation,General,366.00,GBP,183.00,-183.00
2024-09-04,Internet,TV/Phone/Internet,32.00,GBP,-16.00,16.00
2024-09-08,Service charge building insurance,Insurance,541.11,GBP,378.78,-378.78
2024-09-08,Car insurance,Insurance,441.00,GBP,220.50,-220.50
2024-09-20,Car MoT and Service ,Car,362.00,GBP,181.00,-181.00
2024-09-27,Council tax,General,171.00,GBP,-85.50,85.50
2024-10-01,Electricity,Electricity,80.00,GBP,40.00,-40.00
2024-10-01,Water,Water,24.00,GBP,12.00,-12.00
2024-10-01,Apple music and icloud,Groceries,17.50,GBP,-8.75,8.75
2024-10-01,Hot Water,Water,50.00,GBP,25.00,-25.00
2024-10-01,Car break down  & travel insuranve,Car,13.00,GBP,6.50,-6.50
2024-10-04,Internet,TV/Phone/Internet,32.00,GBP,-16.00,16.00
2024-10-06,Car hire australia,Car,951.00,GBP,475.50,-475.50
2024-10-27,Council tax,General,171.00,GBP,-85.50,85.50
2024-11-01,Electricity,Electricity,80.00,GBP,40.00,-40.00
2024-11-01,Water,Water,24.00,GBP,12.00,-12.00
2024-11-01,Apple music and icloud,Groceries,17.50,GBP,-8.75,8.75
2024-11-01,Hot Water,Water,50.00,GBP,25.00,-25.00
2024-11-01,Car break down  & travel insuranve,Car,13.00,GBP,6.50,-6.50
2024-11-03,Dinner with bridgey and jo,Dining out,50.00,GBP,-50.00,50.00
2024-11-03,Louise B. paid Ben S.,Payment,311.77,GBP,311.77,-311.77
2024-11-04,Internet,TV/Phone/Internet,33.00,GBP,-16.50,16.50
2024-11-23,Ground rent ,Rent,400.00,GBP,280.00,-280.00
2024-11-25,Railcard,General,30.00,GBP,-15.00,15.00
2024-11-27,Council tax,General,171.00,GBP,-85.50,85.50
2024-12-01,Electricity,Electricity,80.00,GBP,40.00,-40.00
2024-12-01,Water,Water,24.00,GBP,12.00,-12.00
2024-12-01,Apple music and icloud,Groceries,17.50,GBP,-8.75,8.75
2024-12-01,Hot Water,Water,50.00,GBP,25.00,-25.00
2024-12-01,Car break down  & travel insuranve,Car,13.00,GBP,6.50,-6.50
2024-12-04,Internet,TV/Phone/Internet,33.00,GBP,-16.50,16.50
2024-12-08,Staff christmas donation,General,50.00,GBP,-15.00,15.00
2024-12-08,Jojo and charlie voucher,General,120.00,GBP,-36.00,36.00
2024-12-08,Service charge car park,Car,96.40,GBP,67.48,-67.48
2024-12-08,Service charge ,General,1277.58,GBP,-383.27,383.27
2024-12-08,Call midwife voucher,General,40.00,GBP,20.00,-20.00
2024-12-08,Louise B. paid Ben S.,Payment,125.54,GBP,125.54,-125.54
2024-12-15,Beers for tyson,Liquor,22.00,GBP,-6.60,6.60
2024-12-22,Denver flights ,Plane,5847.00,GBP,-1754.10,1754.10
2024-12-22,TV Licence ,TV/Phone/Internet,169.50,GBP,84.75,-84.75
2024-12-27,Council tax,General,171.00,GBP,-85.50,85.50
2025-01-01,Electricity,Electricity,80.00,GBP,40.00,-40.00
2025-01-01,Water,Water,24.00,GBP,12.00,-12.00
2025-01-01,Apple music and icloud,Groceries,17.50,GBP,-8.75,8.75
2025-01-01,Hot Water,Water,50.00,GBP,25.00,-25.00
2025-01-01,Car break down  & travel insuranve,Car,13.00,GBP,6.50,-6.50
2025-01-04,Internet,TV/Phone/Internet,33.00,GBP,-16.50,16.50
2025-01-26,Louise B. paid Ben S.,Payment,1703.20,GBP,1703.20,-1703.20
2025-01-26,Insurance,Insurance,471.00,GBP,-141.30,141.30
2025-01-27,Council tax,General,171.00,GBP,-85.50,85.50
2025-02-01,Electricity,Electricity,80.00,GBP,40.00,-40.00
2025-02-01,Water,Water,24.00,GBP,12.00,-12.00
2025-02-01,Apple music and icloud,Groceries,17.50,GBP,-8.75,8.75
2025-02-01,Hot Water,Water,50.00,GBP,25.00,-25.00
2025-02-01,Car break down  & travel insuranve,Car,13.00,GBP,6.50,-6.50
2025-02-04,Internet,TV/Phone/Internet,33.00,GBP,-16.50,16.50
2025-02-08,Washing machine ,Home - Other,539.00,GBP,-269.50,269.50
2025-03-01,Electricity,Electricity,80.00,GBP,40.00,-40.00
2025-03-01,Water,Water,24.00,GBP,12.00,-12.00
2025-03-01,Apple music and icloud,Groceries,17.50,GBP,-8.75,8.75
2025-03-01,Hot Water,Water,50.00,GBP,25.00,-25.00
2025-03-01,Car break down  & travel insuranve,Car,13.00,GBP,6.50,-6.50
2025-03-04,Internet,TV/Phone/Internet,33.00,GBP,-16.50,16.50
2025-03-16,Aus cyclone hotels,Hotel,300.00,GBP,-150.00,150.00
2025-03-16,Service charge,General,1381.16,GBP,-428.16,428.16
2025-03-16,Louise B. paid Ben S.,Payment,1047.46,GBP,1047.46,-1047.46
2025-04-01,Electricity,Electricity,80.00,GBP,40.00,-40.00
2025-04-01,Water,Water,24.00,GBP,12.00,-12.00
2025-04-01,Apple music and icloud,Groceries,17.50,GBP,-8.75,8.75
2025-04-01,Hot Water,Water,50.00,GBP,25.00,-25.00
2025-04-01,Car break down  & travel insuranve,Car,13.00,GBP,6.50,-6.50
2025-04-04,Internet,TV/Phone/Internet,33.00,GBP,-16.50,16.50
2025-04-27,Council tax,General,179.00,GBP,-89.50,89.50
2025-05-01,Electricity,Electricity,80.00,GBP,40.00,-40.00
2025-05-01,Water,Water,24.00,GBP,12.00,-12.00
2025-05-01,Apple music and icloud,Groceries,17.50,GBP,-8.75,8.75
2025-05-01,Hot Water,Water,50.00,GBP,25.00,-25.00
2025-05-01,Car break down  & travel insuranve,Car,13.00,GBP,6.50,-6.50
2025-05-04,Internet,TV/Phone/Internet,33.00,GBP,-16.50,16.50
2025-05-17,Us hotels ,Hotel,500.00,GBP,-500.00,500.00
2025-05-27,Council tax,General,179.00,GBP,-89.50,89.50
2025-06-01,Electricity,Electricity,80.00,GBP,40.00,-40.00
2025-06-01,Water,Water,24.00,GBP,12.00,-12.00
2025-06-01,Apple music and icloud,Groceries,17.50,GBP,-8.75,8.75
2025-06-01,Hot Water,Water,50.00,GBP,25.00,-25.00
2025-06-01,Sandringham hotel and tickets,Hotel,270.00,GBP,-135.00,135.00
2025-06-01,Car break down  & travel insuranve,Car,13.00,GBP,6.50,-6.50
2025-06-02,Rhs membership,General,113.00,GBP,56.50,-56.50
2025-06-02,Framing,General,247.00,GBP,123.50,-123.50
2025-06-04,Internet,TV/Phone/Internet,33.00,GBP,-16.50,16.50
2025-06-14,Car tyres,Car,134.40,GBP,-67.20,67.20
2025-06-14,New dining table,Furniture,520.00,GBP,260.00,-260.00
2025-06-14,New chairs,General,320.00,GBP,160.00,-160.00
2025-06-14,New pouffe,General,70.00,GBP,35.00,-35.00
2025-06-18,New cutlery,General,160.00,GBP,-80.00,80.00
2025-06-22,Service charge,General,442.00,GBP,-442.00,442.00
2025-06-27,Council tax,General,179.00,GBP,-89.50,89.50
2025-07-01,Electricity,Electricity,80.00,GBP,40.00,-40.00
2025-07-01,Water,Water,24.00,GBP,12.00,-12.00
2025-07-01,Apple music and icloud,Groceries,17.50,GBP,-8.75,8.75
2025-07-01,Hot Water,Water,50.00,GBP,25.00,-25.00
2025-07-01,Car break down  & travel insuranve,Car,13.00,GBP,6.50,-6.50
2025-07-04,Internet,TV/Phone/Internet,33.00,GBP,-16.50,16.50
2025-07-05,Louise B. paid Ben S.,Payment,482.70,GBP,482.70,-482.70
2025-07-19,Historic houses ,General,120.00,GBP,-60.00,60.00
2025-07-19,Kenya outbound flight taxes,Plane,500.00,GBP,-500.00,500.00
2025-07-19,Barbados contribution ,General,1000.00,GBP,-1000.00,1000.00
2025-07-27,Council tax,General,179.00,GBP,-89.50,89.50
2025-08-01,Electricity,Electricity,80.00,GBP,40.00,-40.00
2025-08-01,Water,Water,24.00,GBP,12.00,-12.00
2025-08-01,Apple music and icloud,Groceries,17.50,GBP,-8.75,8.75
2025-08-01,Hot Water,Water,50.00,GBP,25.00,-25.00
2025-08-01,Car break down  & travel insuranve,Car,13.00,GBP,6.50,-6.50
2025-08-02,Louise B. paid Ben S.,Payment,1574.75,GBP,1574.75,-1574.75
2025-08-02,Charlie present ,General,44.00,GBP,-22.00,22.00
2025-08-04,Internet,TV/Phone/Internet,33.00,GBP,-16.50,16.50
2025-08-05,Historic houses ,General,118.00,GBP,-59.00,59.00
2025-08-16,Car tax,Car,195.00,GBP,97.50,-97.50
2025-08-27,Council tax,General,179.00,GBP,-89.50,89.50
2025-09-01,Electricity,Electricity,80.00,GBP,40.00,-40.00
2025-09-01,Water,Water,24.00,GBP,12.00,-12.00
2025-09-01,Apple music and icloud,Groceries,17.50,GBP,-8.75,8.75
2025-09-01,Hot Water,Water,31.00,GBP,15.50,-15.50
2025-09-01,Car break down  & travel insuranve,Car,13.00,GBP,6.50,-6.50
2025-09-04,Internet,TV/Phone/Internet,33.00,GBP,-16.50,16.50
2025-09-08,Car insurance,Insurance,345.00,GBP,172.50,-172.50
2025-09-09,Service charge,General,1247.00,GBP,-411.51,411.51
2025-09-27,Council tax,General,179.00,GBP,-89.50,89.50
2025-09-28,France contribution,General,300.00,GBP,-300.00,300.00
2025-09-28,Barbados contribution hotels,Hotel,500.00,GBP,-500.00,500.00
2025-09-28,Kenya return flights,Plane,600.00,GBP,-600.00,600.00
2025-09-28,Kenya holiday deposit,General,2280.00,GBP,1140.00,-1140.00
2025-09-28,Louise B. paid Ben S.,Payment,629.26,GBP,629.26,-629.26
2025-10-01,Electricity,Electricity,80.00,GBP,40.00,-40.00
2025-10-01,Water,Water,24.00,GBP,12.00,-12.00
2025-10-01,Apple music and icloud,Groceries,17.50,GBP,-8.75,8.75
2025-10-01,Hot Water,Water,31.00,GBP,15.50,-15.50
2025-10-01,Car break down  & travel insuranve,Car,13.00,GBP,6.50,-6.50
2025-10-04,Internet,TV/Phone/Internet,33.00,GBP,-16.50,16.50
2025-10-27,Council tax,General,179.00,GBP,-89.50,89.50
2025-11-01,Electricity,Electricity,80.00,GBP,40.00,-40.00
2025-11-01,Water,Water,24.00,GBP,12.00,-12.00
2025-11-01,Apple music and icloud,Groceries,17.50,GBP,-8.75,8.75
2025-11-01,Hot Water,Water,31.00,GBP,15.50,-15.50
2025-11-01,Car break down  & travel insuranve,Car,13.00,GBP,6.50,-6.50
2025-11-04,Internet,TV/Phone/Internet,33.00,GBP,-16.50,16.50
2025-11-19,Chair cover deposit,General,369.00,GBP,184.50,-184.50
2025-11-27,Council tax,General,179.00,GBP,-89.50,89.50
2025-11-29,Manatee Switzerland ,General,300.00,GBP,-300.00,300.00
2025-12-01,Electricity,Electricity,80.00,GBP,40.00,-40.00
2025-12-01,Water,Water,24.00,GBP,12.00,-12.00
2025-12-01,Apple music and icloud,Groceries,17.50,GBP,-8.75,8.75
2025-12-01,Hot Water,Water,31.00,GBP,15.50,-15.50
2025-12-01,Car break down  & travel insuranve,Car,13.00,GBP,6.50,-6.50
2025-12-04,Internet,TV/Phone/Internet,33.00,GBP,-16.50,16.50
2025-12-21,Christmas presents,General,100.00,GBP,-100.00,100.00
2025-12-21,Lunch with neil and winnie,Dining out,60.00,GBP,60.00,-60.00
2025-12-22,Service charge,General,1414.00,GBP,-472.28,472.28
2025-12-23,Settle all balances,General,660.53,GBP,660.53,-660.53
2025-12-27,Council tax,General,179.00,GBP,-89.50,89.50
2026-01-01,Electricity,Electricity,80.00,GBP,40.00,-40.00
2026-01-01,Water,Water,24.00,GBP,12.00,-12.00
2026-01-01,Apple music and icloud,Groceries,26.00,GBP,-13.00,13.00
2026-01-01,Hot Water,Water,31.00,GBP,15.50,-15.50
2026-01-01,Car break down  & travel insuranve,Car,13.00,GBP,6.50,-6.50
2026-01-04,Gap year hotel,Clothing,100.00,GBP,50.00,-50.00
2026-01-04,Internet,TV/Phone/Internet,33.00,GBP,-16.50,16.50
2026-01-05,Chair cover,General,369.00,GBP,184.50,-184.50
2026-01-18,Switzerland extras,General,100.00,GBP,-100.00,100.00
2026-01-18,Lampshade ,General,79.00,GBP,39.50,-39.50
2026-01-27,Council tax,General,179.00,GBP,-89.50,89.50
2026-01-31,Losing bet,General,10.00,GBP,-10.00,10.00
2026-02-01,Electricity,Electricity,80.00,GBP,40.00,-40.00
2026-02-01,Water,Water,24.00,GBP,12.00,-12.00
2026-02-01,Apple music and icloud,Groceries,26.00,GBP,-13.00,13.00
2026-02-01,Hot Water,Water,31.00,GBP,15.50,-15.50
2026-02-01,Car break down  & travel insuranve,Car,13.00,GBP,6.50,-6.50
2026-02-04,Internet,TV/Phone/Internet,33.00,GBP,-16.50,16.50
2026-02-27,Council tax,General,179.00,GBP,-89.50,89.50
2026-03-01,Electricity,Electricity,80.00,GBP,40.00,-40.00
2026-03-01,Water,Water,24.00,GBP,12.00,-12.00
2026-03-01,Apple music and icloud,Groceries,26.00,GBP,-13.00,13.00
2026-03-01,Hot Water,Water,31.00,GBP,15.50,-15.50
2026-03-01,Car break down  & travel insuranve,Car,13.00,GBP,6.50,-6.50
2026-03-04,Internet,TV/Phone/Internet,33.00,GBP,-16.50,16.50
2026-03-08,Service chrge and ground rent,Rent,598.81,GBP,-598.81,598.81
2026-03-08,Wash box,General,80.00,GBP,40.00,-40.00
2026-03-08,Louise B. paid Ben S.,Payment,529.81,GBP,529.81,-529.81
2026-03-27,Council tax,General,179.00,GBP,-89.50,89.50
2026-03-29,Barbados!,General,2000.00,GBP,-2000.00,2000.00
2026-03-29,BMW car insurance,Insurance,200.00,GBP,100.00,-100.00
2026-03-29,Louise B. paid Ben S.,Payment,1989.50,GBP,1989.50,-1989.50
2026-04-01,Electricity,Electricity,80.00,GBP,40.00,-40.00
2026-04-01,Water,Water,24.00,GBP,12.00,-12.00
2026-04-01,Apple music and icloud,Groceries,26.00,GBP,-13.00,13.00
2026-04-01,Hot Water,Water,31.00,GBP,15.50,-15.50
2026-04-01,Car break down  & travel insuranve,Car,13.00,GBP,6.50,-6.50
2026-04-02,BMW car tax,Car,620.00,GBP,310.00,-310.00
2026-04-04,Internet,TV/Phone/Internet,33.00,GBP,-16.50,16.50
2026-04-18,Mortgage lump sum,Mortgage,2000.00,GBP,-2000.00,2000.00
2026-04-27,Council tax,General,179.00,GBP,-89.50,89.50
2026-05-01,Electricity,Electricity,80.00,GBP,40.00,-40.00
2026-05-01,Water,Water,24.00,GBP,12.00,-12.00
2026-05-01,Apple music and icloud,Groceries,26.00,GBP,-13.00,13.00
2026-05-01,Hot Water,Water,31.00,GBP,15.50,-15.50
2026-05-01,Car break down  & travel insuranve,Car,13.00,GBP,6.50,-6.50
2026-05-02,Louise B. paid Ben S.,Payment,2000.00,GBP,2000.00,-2000.00
2026-05-04,Internet,TV/Phone/Internet,33.00,GBP,-16.50,16.50
2026-05-11,Car tax refund,Car,65.00,GBP,-32.50,32.50

2026-05-16,Total balance, , ,GBP,277.00,-277.00

